,Create At,Name,Price
0,2022-03-22 15:44:55.122547,Karlie Small Leather Crossbody Bag,4400.00
1,2022-03-22 15:44:55.122646,Karlie Small Logo Crossbody Bag,4860.00
2,2022-03-22 15:44:55.122728,Karlie Medium Leather Satchel,6760.00
3,2022-03-22 15:44:55.122811,Karlie Medium Logo Satchel,6760.00
4,2022-03-22 15:44:55.122894,Karlie Medium Leather Satchel,6760.00
5,2022-03-22 15:44:55.122981,Karlie Medium Logo Satchel,6760.00
6,2022-03-22 15:44:55.123066,Marilyn Small Color-Block Saffiano Leather Crossbody Bag,3500.00
7,2022-03-22 15:44:55.123148,Marilyn Small Logo Crossbody Bag,3500.00
8,2022-03-22 15:44:55.123229,Marilyn Medium Logo Satchel,4050.00
9,2022-03-22 15:44:55.123317,Marilyn Medium Saffiano Leather Satchel,4400.00
10,2022-03-22 15:44:55.123400,Edith Large Saffiano Leather Satchel,6760.00
11,2022-03-22 15:44:55.123495,Hamilton Legacy Large Logo Stripe Belted Satchel,7200.00
12,2022-03-22 15:44:55.123581,Edith Large Saffiano Leather Satchel,6760.00
13,2022-03-22 15:44:55.123667,Hamilton Legacy Large Logo Stripe Belted Satchel,7200.00
14,2022-03-22 15:44:55.123754,Marilyn Medium Logo Stripe Satchel,4050.00
15,2022-03-22 15:44:55.123839,Marilyn Medium Logo Stripe Satchel,4050.00
16,2022-03-22 15:44:55.123926,Karlie Large Pebbled Leather Tote Bag,5400.00
17,2022-03-22 15:44:55.124020,Karlie Large Pebbled Leather Tote Bag,5400.00
18,2022-03-22 15:44:55.124107,Karlie Large Pebbled Leather Tote Bag,5400.00
19,2022-03-22 15:44:55.124191,Freya Large Pebbled Leather Tote Bag,5400.00
20,2022-03-22 15:44:55.124280,Karlie Large Pebbled Leather Tote Bag,5400.00
21,2022-03-22 15:44:55.124364,Freya Large Pebbled Leather Tote Bag,5400.00
22,2022-03-22 15:44:55.124446,Jet Set Charm Small Logo Shoulder Bag,2690.00
23,2022-03-22 15:44:55.124530,Jet Set Charm Small Nylon Gabardine Shoulder Bag,2150.00
24,2022-03-22 15:44:55.124612,Jet Set Charm Small Logo Shoulder Bag,2690.00
25,2022-03-22 15:44:55.124699,Jet Set Charm Small Logo Shoulder Bag,2690.00
26,2022-03-22 15:44:55.124787,Greenwich Small Saffiano Leather Crossbody Bag,3780.00
27,2022-03-22 15:44:55.124869,Greenwich Small Two-Tone Logo and Saffiano Leather Crossbody Bag,3800.00
28,2022-03-22 15:44:55.124951,SoHo Large Quilted Leather Shoulder Bag,5130.00
29,2022-03-22 15:44:55.125034,Greenwich Medium Studded Saffiano Leather Shoulder Bag,5600.00
30,2022-03-22 15:44:55.125115,Greenwich Small Saffiano Leather Crossbody Bag,3780.00
31,2022-03-22 15:44:55.125197,Greenwich Small Two-Tone Logo and Saffiano Leather Crossbody Bag,3800.00
32,2022-03-22 15:44:55.125279,Bradshaw Medium Color-Block Graphic Logo Camera Bag,3500.00
33,2022-03-22 15:44:55.125365,Bradshaw Medium Canvas Camera Bag,3100.00
34,2022-03-22 15:44:55.125447,Bradshaw Medium Color-Block Graphic Logo Camera Bag,3500.00
35,2022-03-22 15:44:55.125531,Bradshaw Medium Canvas Camera Bag,3100.00
36,2022-03-22 15:44:55.125614,SoHo Large Quilted Leather Shoulder Bag,5130.00
37,2022-03-22 15:44:55.125699,Greenwich Medium Studded Saffiano Leather Shoulder Bag,5600.00
38,2022-03-22 15:44:55.125783,SoHo Large Quilted Leather Shoulder Bag,5100.00
39,2022-03-22 15:44:55.125867,Greenwich Medium Studded Saffiano Leather Shoulder Bag,5600.00
40,2022-03-22 15:44:55.125951,Sullivan Large Logo Top-Zip Tote Bag,5400.00
41,2022-03-22 15:44:55.126033,Sullivan Small Logo Top-Zip Tote Bag,3500.00
42,2022-03-22 15:44:55.126119,Brooklyn Medium Logo Backpack,4050.00
43,2022-03-22 15:44:55.126204,Bedford Travel Extra-Large Logo Stripe Weekender Bag,5130.00
44,2022-03-22 15:44:55.126287,Sullivan Large Logo Top-Zip Tote Bag,3780.00
45,2022-03-22 15:44:55.126372,Sullivan Small Saffiano Leather Top-Zip Tote Bag,3500.00
46,2022-03-22 15:44:55.126454,Voyager Medium Logo Stripe Tote Bag,3780.00
47,2022-03-22 15:44:55.126537,Voyager Medium Logo Tote Bag,3500.00
48,2022-03-22 15:44:55.126623,Sullivan Large Logo Top-Zip Tote Bag,3780.00
49,2022-03-22 15:44:55.127005,Sullivan Small Saffiano Leather Top-Zip Tote Bag,3500.00
50,2022-03-22 15:44:55.127141,Brooklyn Medium Logo Backpack,4050.00
51,2022-03-22 15:44:55.127228,Bedford Travel Extra-Large Logo Stripe Weekender Bag,5130.00
52,2022-03-22 15:44:55.127312,Voyager Medium Logo Stripe Tote Bag,3780.00
53,2022-03-22 15:44:55.127400,Voyager Medium Logo Tote Bag,3500.00
54,2022-03-22 15:44:55.127512,Marilyn Medium Saffiano Leather Tote Bag,3100.00
55,2022-03-22 15:44:55.127597,Marilyn Medium Saffiano Leather Tote Bag,3100.00
56,2022-03-22 15:44:55.127688,Molly Large Pebbled Leather Tote Bag,4450.00
57,2022-03-22 15:44:55.127775,Molly Large Pebbled Leather Tote Bag,4450.00
58,2022-03-22 15:44:55.127859,Devon Medium Logo Bucket Bag,5600.00
59,2022-03-22 15:44:55.127942,Devon Medium Logo Bucket Bag,5600.00
60,2022-03-22 15:44:55.128174,Jet Set Large Logo Crossbody Bag,4050.00
61,2022-03-22 15:44:55.128270,Jet Set Large Logo Crossbody Bag,4050.00
62,2022-03-22 15:44:55.128355,Devon Medium Logo Bucket Bag,5600.00
63,2022-03-22 15:44:55.128438,Devon Medium Logo Bucket Bag,5600.00
64,2022-03-22 15:44:55.128521,Devon Small Canvas Bucket Bag,4450.00
65,2022-03-22 15:44:55.128612,Devon Small Two-Tone Logo Bucket Bag,4700.00
66,2022-03-22 15:44:55.128695,Devon Small Canvas Bucket Bag,4450.00
67,2022-03-22 15:44:55.128780,Devon Small Two-Tone Logo Bucket Bag,4700.00
68,2022-03-22 15:44:55.128861,Jet Set Large Logo Crossbody Bag,4050.00
69,2022-03-22 15:44:55.128946,Jet Set Large Logo Crossbody Bag,4050.00
70,2022-03-22 15:44:55.129031,Slater Extra-Small Logo Sling Pack,3500.00
71,2022-03-22 15:44:55.129115,Slater Extra-Small Pebbled Leather Sling Pack,3500.00
72,2022-03-22 15:44:55.129944,Jet Set Large Logo Crossbody Bag,2280.00
73,2022-03-22 15:44:55.130038,Greenwich Medium Logo Satchel,5400.00
74,2022-03-22 15:44:55.130124,Ginny Leather Crossbody Bag,2420.00
75,2022-03-22 15:44:55.130209,Jet Set Large Saffiano Leather Crossbody Bag,2280.00
76,2022-03-22 15:44:55.130293,Greenwich Medium Saffiano Leather Satchel,5400.00
77,2022-03-22 15:44:55.130380,Phoebe Large Logo and Pebbled Leather Tote Bag,4860.00
78,2022-03-22 15:44:55.130466,Jade Large Tri-Color Logo Crossbody Bag,3500.00
79,2022-03-22 15:44:55.130550,Jet Set Large Logo Crossbody Bag,2280.00
80,2022-03-22 15:44:55.130638,Greenwich Medium Saffiano Leather Satchel,5400.00
81,2022-03-22 15:44:55.130720,Phoebe Large Logo and Pebbled Leather Tote Bag,4860.00
82,2022-03-22 15:44:55.130802,Ginny Leather Crossbody Bag,2420.00
83,2022-03-22 15:44:55.130885,Jet Set Large Saffiano Leather Crossbody Bag,2280.00
84,2022-03-22 15:44:55.130970,Jade Large Tri-Color Logo Crossbody Bag,3500.00
85,2022-03-22 15:44:55.131052,Jet Set Large Logo Crossbody Bag,2280.00
86,2022-03-22 15:44:55.131144,Sullivan Small Logo Top-Zip Tote Bag,2900.00 -  4100.00
87,2022-03-22 15:44:55.131226,Voyager Medium Crossgrain Leather Tote Bag,3500.00
88,2022-03-22 15:44:55.131307,Hamilton Legacy Medium Leather Messenger Bag,5400.00
89,2022-03-22 15:44:55.131392,Hamilton Legacy Medium Leather Messenger Bag,5400.00
90,2022-03-22 15:44:55.131513,Slater Extra-Small Logo Sling Pack,3500.00
91,2022-03-22 15:44:55.131599,Piper Small Metallic Snake Embossed Leather Shoulder Bag,4400.00
92,2022-03-22 15:44:55.131686,Greenwich Small Embossed Scuba and Faux Leather Crossbody Bag,4400.00
93,2022-03-22 15:44:55.131771,Slater Medium Logo Embossed Scuba Sling Pack,4000.00
94,2022-03-22 15:44:55.131852,Slater Extra-Small Logo Sling Pack,3500.00
95,2022-03-22 15:44:55.131934,Piper Small Metallic Snake Embossed Leather Shoulder Bag,4400.00
96,2022-03-22 15:44:55.132146,Piper Small Snake Embossed Leather Shoulder Bag,4100.00
97,2022-03-22 15:44:55.132244,Jet Set Charm Small Nylon Gabardine Shoulder Bag,2150.00
98,2022-03-22 15:44:55.132329,Piper Small Snake Embossed Leather Shoulder Bag,4100.00
99,2022-03-22 15:44:55.132419,Jet Set Charm Small Nylon Gabardine Shoulder Bag,2150.00
100,2022-03-22 15:44:55.132501,Greenwich Small Embossed Scuba and Faux Leather Crossbody Bag,4400.00
101,2022-03-22 15:44:55.132586,Slater Medium Logo Embossed Scuba Sling Pack,4000.00
102,2022-03-22 15:44:55.132670,Slater Medium Logo Embossed Scuba Backpack,4400.00
103,2022-03-22 15:44:55.132753,Slater Medium Logo Sling Pack,3370.00
104,2022-03-22 15:44:55.154699,Greenwich Small Color-Block Logo and Saffiano Leather Crossbody Bag,3800.00
105,2022-03-22 15:44:55.154784,Eva Large Logo Stripe Tote Bag,3100.00
106,2022-03-22 15:44:55.154863,Phoebe Large Pebbled Leather Tote Bag,4860.00
107,2022-03-22 15:44:55.154942,Edith Large Logo Satchel,6760.00
108,2022-03-22 15:44:55.155021,Marilyn Medium Saffiano Leather Tote Bag,3100.00
109,2022-03-22 15:44:55.155103,Small Quilted Leather Smartphone Crossbody Bag,2690.00
110,2022-03-22 15:44:55.155180,SoHo Large Quilted Leather Shoulder Bag,5100.00
111,2022-03-22 15:44:55.155267,Marilyn Medium Logo Tote Bag,3100.00
112,2022-03-22 15:44:55.155345,Jet Set Large Logo Crossbody Bag,4050.00
113,2022-03-22 15:44:55.155424,Greenwich Extra-Small Color-Block Saffiano Leather Satchel,3800.00
114,2022-03-22 15:44:55.155502,Greenwich Medium Color-Block Saffiano Leather Shoulder Bag,4400.00
115,2022-03-22 15:44:55.155580,Slater Large Logo Backpack,4450.00
116,2022-03-22 15:44:55.155660,Hamilton Legacy Small Logo Belted Satchel,5400.00
117,2022-03-22 15:44:55.155737,Hamilton Legacy Small Studded Leather Belted Satchel,7570.00
118,2022-03-22 15:44:55.155816,Hamilton Legacy Large Studded Leather and Logo Belted Satchel,8930.00
119,2022-03-22 15:44:55.155894,Hamilton Large Studded Leather Belted Satchel,8930.00
120,2022-03-22 15:44:55.155968,Greenwich Small Saffiano Leather Crossbody Bag,3800.00
121,2022-03-22 15:44:55.156043,Greenwich Small Saffiano Leather Crossbody Bag,3780.00
122,2022-03-22 15:44:55.156119,Greenwich Medium Logo Shoulder Bag,4860.00
123,2022-03-22 15:44:55.156194,Jet Set Charm Logo and Leather Smartphone Wallet,2150.00
124,2022-03-22 15:44:55.156270,Marilyn Medium Saffiano Leather Satchel,4050.00
125,2022-03-22 15:44:55.156346,Phoebe Extra-Small Pebbled Leather Crossbody Bag,3500.00
126,2022-03-22 15:44:55.156422,Phoebe Extra-Small Pebbled Leather Crossbody Bag,3500.00
127,2022-03-22 15:44:55.156498,Freya Large Pebbled Leather Tote Bag,4800.00
128,2022-03-22 15:44:55.156574,Karlie Medium Studded Quilted Logo Satchel,8120.00
129,2022-03-22 15:44:55.156650,Sienna Medium Pebbled Leather Satchel,4050.00
130,2022-03-22 15:44:55.156725,Cleo Medium Saffiano Leather Satchel,5400.00
131,2022-03-22 15:44:55.156806,Hamilton Legacy Small Crocodile Embossed Leather Belted Satchel,6970.00
132,2022-03-22 15:44:55.156881,Hamilton Legacy Large Logo Belted Satchel,8120.00
133,2022-03-22 15:44:55.156959,Hamilton Legacy Large Leather Belted Satchel,8120.00
134,2022-03-22 15:44:55.157036,Hamilton Legacy Small Leather Belted Satchel,6760.00
135,2022-03-22 15:44:55.157119,Slater Medium Signature Logo Stripe Backpack,4450.00
136,2022-03-22 15:44:55.157197,Bedford Travel Extra-Large Logo Stripe Weekender Bag,5400.00
137,2022-03-22 15:44:55.157364,Eva Large Signature Logo Stripe Tote Bag,4050.00
138,2022-03-22 15:44:55.157456,Jet Set Medium Logo Stripe Camera Bag,2690.00
139,2022-03-22 15:44:55.157536,Slater Medium Quilted Leather Backpack,5130.00
140,2022-03-22 15:44:55.157615,Sinclair Large Pebbled Leather Tote Bag,4050.00
141,2022-03-22 15:44:55.157696,ASHYA X MICHAEL KORS Saga Signature And Leather Multi Bag,6760.00
142,2022-03-22 15:44:55.157775,ASHYA X MICHAEL KORS Saga Signature And Leather Multi Bag,6760.00
143,2022-03-22 15:44:55.157863,ASHYA X MICHAEL KORS Saga Signature And Leather Bolo Bag,4050.00
144,2022-03-22 15:44:55.157942,ASHYA X MICHAEL KORS Saga Signature And Leather Bolo Bag,4050.00
145,2022-03-22 15:44:55.158020,Large Logo Dome Crossbody Bag,2900.00
146,2022-03-22 15:44:55.158098,Ginny Medium Logo Crossbody Bag,2420.00
147,2022-03-22 15:44:55.158174,Bedford Legacy Extra-Small Logo Duffle Crossbody Bag,2500.00
148,2022-03-22 15:44:55.158248,Greenwich Medium Saffiano Leather Shoulder Bag,4400.00
149,2022-03-22 15:44:55.158325,Rhea Medium Color-Block Logo Backpack,4100.00
150,2022-03-22 15:44:55.158398,Rhea Medium Logo Backpack,4050.00
151,2022-03-22 15:44:55.158474,Rhea Mini Logo Backpack,3100.00
152,2022-03-22 15:44:55.158548,Voyager Medium Color-Block Logo Tote Bag,4050.00
153,2022-03-22 15:44:55.158620,Mina Small Pebbled Leather Crossbody Bag,4860.00
154,2022-03-22 15:44:55.158693,Mina Small Logo Crossbody Bag,4450.00
155,2022-03-22 15:44:55.158766,Jet Set Medium Leather and Logo 4-in-1 Crossbody Bag Set,3500.00
156,2022-03-22 15:44:55.158839,Bradshaw Medium Logo Camera Bag,3500.00
157,2022-03-22 15:44:55.158912,Greenwich Extra-Small Studded Patent Leather Crossbody Bag,5400.00
158,2022-03-22 15:44:55.158984,Greenwich Extra-Small Logo Embossed Patent Leather Crossbody Bag,4050.00
159,2022-03-22 15:44:55.159062,Slater Medium Pebbled Leather Sling Pack,3370.00
160,2022-03-22 15:44:55.159139,Karlie Medium Leather Satchel,6760.00
161,2022-03-22 15:44:55.159213,Hally Extra-Small Embellished Logo Crossbody Bag,4100.00
162,2022-03-22 15:44:55.159298,Hamilton Legacy Large Logo and Leather Belted Satchel,8720.00
163,2022-03-22 15:44:55.159372,SoHo Large Studded Logo Shoulder Bag,5400.00
164,2022-03-22 15:44:55.159447,Bradshaw Medium Leather Messenger Bag,4600.00
165,2022-03-22 15:44:55.159520,Bradshaw Medium Leather Camera Bag,3800.00
166,2022-03-22 15:44:55.159592,Bradshaw Medium Logo and Leather Messenger Bag,4600.00
167,2022-03-22 15:44:55.159669,Lina Extra-Small Faux Leather Crossbody Bag,3720.00
168,2022-03-22 15:44:55.159747,Hally Extra-Small Embellished Leather Crossbody Bag,4100.00
169,2022-03-22 15:44:55.159820,Nouveau Hamilton Small Logo and Leather Satchel,4860.00
170,2022-03-22 15:44:55.159899,Lina Extra-Small Faux Leather Crossbody Bag,3720.00
171,2022-03-22 15:44:55.159972,Sinclair Extra-Small Pebbled Leather Crossbody Bag,2700.00
172,2022-03-22 15:44:55.160049,SoHo Small Studded Quilted Patent Leather Shoulder Bag,5100.00
173,2022-03-22 15:44:55.160128,SoHo Small Studded Quilted Patent Leather Shoulder Bag,5100.00 -  6220.00
174,2022-03-22 15:44:55.160203,Soho Small Studded Quilted Patent Leather Shoulder Bag,6220.00
175,2022-03-22 15:44:55.160280,Brooklyn Quilted Recycled Polyester Belt Bag,2010.00
176,2022-03-22 15:44:55.160359,Heather Extra-Small Logo Crossbody Bag,3800.00
177,2022-03-22 15:44:55.160434,Jet Set Large Pebbled Leather Crossbody Bag,4050.00
178,2022-03-22 15:44:55.160514,Karlie Small Canvas and Leather Crossbody Bag,4400.00
179,2022-03-22 15:44:55.160589,Karlie Small Two-Tone Snake Embossed Leather Crossbody Bag,6220.00
180,2022-03-22 15:44:55.160667,Hamilton Legacy Medium Leather Messenger Bag,5400.00
181,2022-03-22 15:44:55.160740,Hamilton Legacy Medium Logo Bucket Bag,5400.00
182,2022-03-22 15:44:55.160814,Bradshaw Medium Striped Canvas and Faux Leather Messenger Bag,4700.00
183,2022-03-22 15:44:55.160892,Hendrix Extra-Small Color-Block Metallic Logo Convertible Crossbody Bag,4300.00
184,2022-03-22 15:44:55.160965,Bedford Legacy Extra-Small Graphic Logo Duffle Crossbody Bag,2500.00
185,2022-03-22 15:44:55.161040,Jet Set Medium Leather and Metallic Logo 4-in-1 Crossbody Bag Set,4050.00
186,2022-03-22 15:44:55.161120,Jet Set Extra-Large Snake Embossed Leather Crossbody Bag,2480.00
187,2022-03-22 15:44:55.161198,Slater Medium Logo Sling Pack,3720.00
188,2022-03-22 15:44:55.161271,Greenwich Small Studded Quilted Faux Leather Crossbody Bag,5400.00
189,2022-03-22 15:44:55.161345,Slater Extra-Small Logo Sling Pack,3500.00
190,2022-03-22 15:44:55.161420,Slater Medium Color-Block Logo Sling Pack,4050.00
191,2022-03-22 15:44:55.161494,Hudson Logo Stripe and Leather Crossbody Bag,4720.00
192,2022-03-22 15:44:55.161566,Hudson Textured Leather Messenger Bag,4900.00
193,2022-03-22 15:44:55.161639,Hudson Logo Crossbody Bag,3800.00
194,2022-03-22 15:44:55.161717,Hudson Graphic Logo Sling Pack,4450.00
195,2022-03-22 15:44:55.161795,Lea Small Logo and Faux Pebbled Leather Crossbody Bag,3100.00
196,2022-03-22 15:44:55.161872,Jet Set Charm Large Logo Stripe Crossbody Bag,3500.00
197,2022-03-22 15:44:55.161955,SoHo Large Quilted Snake Embossed Leather Shoulder Bag,5640.00
198,2022-03-22 15:44:55.162032,Small Quilted Leather Smartphone Crossbody Bag,2690.00
199,2022-03-22 15:44:55.162111,Grace Small Saffiano Leather Crossbody Bag,3500.00
200,2022-03-22 15:44:55.162248,Jet Set Medium Quilted Leather Camera Bag,2690.00
201,2022-03-22 15:44:55.162345,Jet Set Medium Logo Camera Bag,2690.00
202,2022-03-22 15:44:55.162427,Greenwich Small Studded Snake Embossed Leather Crossbody Bag,4970.00
203,2022-03-22 15:44:55.162506,Slater Medium Logo Quilted Nylon Sling Pack,4050.00
204,2022-03-22 15:44:55.162583,Hudson Color-Block Leather Smartphone Crossbody Bag,3370.00
205,2022-03-22 15:44:55.162662,Jet Set Medium Pleated Logo Camera Bag,4050.00
206,2022-03-22 15:44:55.162742,Jet Set Medium Logo Stripe Crossbody Bag,4860.00
207,2022-03-22 15:44:55.162832,Bradshaw Medium Logo Embossed Stripe Messenger Bag,5810.00
208,2022-03-22 15:44:55.162908,Lita Small Two-Tone Logo and Leather Crossbody Bag,4050.00
209,2022-03-22 15:44:55.162984,Jet Set Travel Medium Logo Crossbody Bag,5400.00
210,2022-03-22 15:44:55.163059,Large Quilted Leather Dome Crossbody Bag,3500.00
211,2022-03-22 15:44:55.163253,Sienna Medium Pebbled Leather Satchel,3500.00
212,2022-03-22 15:44:55.163346,Sullivan Small Saffiano Leather Top-Zip Tote Bag,3010.00 -  3500.00
213,2022-03-22 15:44:55.163426,Jet Set Small Pebbled Leather Smartphone Convertible Crossbody Bag,2150.00
214,2022-03-22 15:44:55.163505,Jet Set Small Logo Convertible Camera Bag,2900.00
215,2022-03-22 15:44:55.163583,Large Saffiano Leather Dome Crossbody Bag,2900.00
216,2022-03-22 15:44:55.163671,Simone Pebbled Leather Messenger Bag,20210.00
217,2022-03-22 15:44:55.163751,Slater Medium Logo Sling Pack,3500.00
218,2022-03-22 15:44:55.163830,SoHo Small Quilted Leather Shoulder Bag,4400.00
219,2022-03-22 15:44:55.163908,Jet Set Small Pebbled Leather Convertible Camera Bag,2420.00
220,2022-03-22 15:44:55.163994,Jet Set Small Pebbled Leather Smartphone Convertible Crossbody Bag,2100.00
221,2022-03-22 15:44:55.164074,Lita Small Leather Crossbody Bag,4050.00
222,2022-03-22 15:44:55.164151,Jet Set Quilted Leather and Logo 4-in-1 Crossbody Bag Set,3780.00
223,2022-03-22 15:44:55.164225,Hendrix Medium Logo Messenger Bag,4860.00
224,2022-03-22 15:44:55.164300,Carmen Large Logo and Leather Belted Satchel,5130.00
225,2022-03-22 15:44:55.164375,Whitney Large Quilted Leather Convertible Shoulder Bag,6220.00
226,2022-03-22 15:44:55.164450,Jessie Medium Two-Tone Logo Shoulder Bag,4050.00
227,2022-03-22 15:44:55.164524,Jet Set Medium Logo and Leather Half Dome Crossbody,2690.00
228,2022-03-22 15:44:55.164601,Ava Extra-Small Saffiano Leather Crossbody,2400.00
229,2022-03-22 15:44:55.164681,Medium Logo and Animal-Print Calf Hair Belt Bag,3930.00
230,2022-03-22 15:44:55.164762,Jet Set Large Saffiano Leather Crossbody Bag,2280.00
231,2022-03-22 15:44:55.164838,Ginny Leather Crossbody Bag,2420.00
232,2022-03-22 15:44:55.164915,Ginny Medium Pebbled Leather Crossbody Bag,2350.00 -  2690.00
233,2022-03-22 15:44:55.164989,Whitney Large Quilted Leather Convertible Shoulder Bag,4860.00
234,2022-03-22 15:44:55.165063,Bedford Legacy Extra-Small Logo Duffle Crossbody Bag,3370.00
235,2022-03-22 15:44:55.165137,Hudson Pebbled Leather Crossbody Bag,3640.00
236,2022-03-22 15:44:55.165209,Henry Leather Flight Bag,4050.00
237,2022-03-22 15:44:55.165289,Greyson Pebbled Leather Messenger Bag,3640.00
238,2022-03-22 15:44:55.165365,Nouveau Hamilton Large Logo and Leather Satchel,5130.00
239,2022-03-22 15:44:55.165445,Medium Logo Woven Dust Bag,170.00
240,2022-03-22 15:44:55.165527,Large Logo Woven Dust Bag,170.00
241,2022-03-22 15:44:55.165604,Mina Large Logo Shoulder Bag,6220.00
242,2022-03-22 15:44:55.165680,Mina Large Pebbled Leather Shoulder Bag,6220.00
243,2022-03-22 15:44:55.165760,Jane Large Logo Tote Bag,2850.00
244,2022-03-22 15:44:55.165835,Sinclair Large Pleated Logo Tote Bag,5400.00
245,2022-03-22 15:44:55.165921,Carine Large Pebbled Leather Tote Bag,5720.00
246,2022-03-22 15:44:55.166000,Carine Large Pebbled Leather Tote Bag,5720.00
247,2022-03-22 15:44:55.166079,Sullivan Small Two-Tone Saffiano Leather Top-Zip Tote Bag,3010.00 -  3100.00
248,2022-03-22 15:44:55.166152,Sullivan Large Saffiano Leather Top-Zip Tote Bag,4860.00
249,2022-03-22 15:44:55.166226,Beck Large Pebbled Leather Tote Bag,4450.00
250,2022-03-22 15:44:55.166299,Beck Large Logo Tote Bag,4050.00
251,2022-03-22 15:44:55.166372,Beck Medium Pebbled Leather Tote Bag,4050.00
252,2022-03-22 15:44:55.166445,Beck Medium Logo Leather Tote Bag,3370.00
253,2022-03-22 15:44:55.166522,Lina Medium Logo Faux Leather Tote Bag,5720.00
254,2022-03-22 15:44:55.166603,Lina Medium Logo Faux Leather Tote Bag,5720.00 -  6220.00
255,2022-03-22 15:44:55.166677,Willa Extra-Small Pleated Logo Tote Bag,4050.00
256,2022-03-22 15:44:55.166748,Carine Medium Pebbled Leather Tote Bag,4860.00
257,2022-03-22 15:44:55.166820,Jane Large Pebbled Leather Tote Bag,3100.00
258,2022-03-22 15:44:55.166892,Susan Medium Quilted Leather Shoulder Bag,6220.00
259,2022-03-22 15:44:55.166963,Susan Medium Quilted Leather Shoulder Bag,6220.00
260,2022-03-22 15:44:55.167036,Heidi Large Logo Jacquard Tote Bag,4400.00
261,2022-03-22 15:44:55.167109,Voyager Medium Metallic Logo Tote Bag,4050.00
262,2022-03-22 15:44:55.167190,Jet Set Travel Medium Saffiano Leather Top-Zip Tote Bag,3720.00
263,2022-03-22 15:44:55.167265,Phoebe Large Logo and Pebbled Leather Tote Bag,4860.00
264,2022-03-22 15:44:55.167336,Phoebe Large Pebbled Leather Tote Bag,4860.00
265,2022-03-22 15:44:55.167408,Voyager Medium Metallic Logo Tote,4050.00
266,2022-03-22 15:44:55.167481,Rhea Mini Graphic Logo Backpack,4450.00
267,2022-03-22 15:44:55.167556,Marilyn Medium Logo Tote Bag,3100.00
268,2022-03-22 15:44:55.167632,Sullivan Small Logo Top-Zip Tote Bag,2900.00
269,2022-03-22 15:44:55.167705,Isla Large Canvas Tote Bag,2690.00
270,2022-03-22 15:44:55.167778,Isla Large Canvas Tote Bag,2690.00
271,2022-03-22 15:44:55.167850,Brooklyn Large Pebbled Leather Backpack,4050.00
272,2022-03-22 15:44:55.167928,Amy Large Logo and Faux Leather Tote Bag,3470.00
273,2022-03-22 15:44:55.168008,Eva Extra-Small Studded Graphic Logo Tote Bag,3720.00
274,2022-03-22 15:44:55.168081,Carmen Large Pebbled Leather Tote Bag,5130.00
275,2022-03-22 15:44:55.168153,Sullivan Large Saffiano Leather Top-Zip Tote Bag,3780.00
276,2022-03-22 15:44:55.168225,Raven Large Leather Shoulder Bag,4050.00
277,2022-03-22 15:44:55.168299,Izzy Medium Logo Embellished Pebbled Leather Tote Bag,4050.00
278,2022-03-22 15:44:55.168372,The Michael Large Heart Patch Cotton Tote Bag,2690.00
279,2022-03-22 15:44:55.168445,Carine Medium Logo Tote Bag,4860.00
280,2022-03-22 15:44:55.168518,Sullivan Large Logo and Leather Tote Bag,4860.00
281,2022-03-22 15:44:55.168596,Ivy Medium Woven Tote Bag,4470.00
282,2022-03-22 15:44:55.168672,Stirling Extra-Large Studded Quilted Recycled Polyester Tote Bag,4970.00
283,2022-03-22 15:44:55.168746,Lillie Large Pebbled Leather Shoulder Bag,5400.00
284,2022-03-22 15:44:55.168826,Lina Medium Logo Faux Leather Tote Bag,5720.00
285,2022-03-22 15:44:55.168900,Aria Large Pebbled Leather Tote Bag,3100.00
286,2022-03-22 15:44:55.168979,Izzy Medium Embellished Logo Tote Bag,3720.00
287,2022-03-22 15:44:55.169053,Sullivan Large Saffiano Leather Tote Bag,4050.00
288,2022-03-22 15:44:55.169133,Eva Large Printed Canvas Tote Bag,3010.00
289,2022-03-22 15:44:55.169206,Brooklyn Large Pebbled Leather Tote Bag,6220.00
290,2022-03-22 15:44:55.169280,Brooklyn Large Logo and Pebbled Leather Tote Bag,6220.00
291,2022-03-22 15:44:55.169359,Sinclair Large Logo Tape Tote Bag,4860.00
292,2022-03-22 15:44:55.169437,Jet Set Large Logo Top-Zip Tote Bag,2690.00
293,2022-03-22 15:44:55.169515,Sullivan Small Saffiano Leather Top-Zip Tote Bag,3500.00
294,2022-03-22 15:44:55.169591,Sullivan Medium Logo Top-Zip Tote Bag,3500.00
295,2022-03-22 15:44:55.169665,Lillie Large Pebbled Leather Shoulder Bag,6760.00
296,2022-03-22 15:44:55.169739,Lillie Large Logo Shoulder Bag,5400.00
297,2022-03-22 15:44:55.169813,Voyager Medium Two-Tone Logo Tote Bag,3780.00
298,2022-03-22 15:44:55.169887,Voyager Medium Crossgrain Leather Tote Bag,3780.00
299,2022-03-22 15:44:55.169971,Voyager Medium Crossgrain Leather Tote Bag,3500.00
300,2022-03-22 15:44:55.170055,Voyager Large Saffiano Leather Top-Zip Tote Bag,3010.00 -  3100.00
301,2022-03-22 15:44:55.170137,Voyager Large Saffiano Leather Top-Zip Tote Bag,3010.00 -  3100.00
302,2022-03-22 15:44:55.170215,Jet Set Saffiano Leather Top-Zip Tote Bag,2690.00
303,2022-03-22 15:44:55.170293,Jet Set Medium Saffiano Leather Top-Zip Tote Bag,3930.00
304,2022-03-22 15:44:55.170367,Raven Large Leather Shoulder Bag,4450.00
305,2022-03-22 15:44:55.170450,Bradshaw Small Metallic Chain Mesh Shoulder Bag,10830.00
306,2022-03-22 15:44:55.170526,Bradshaw Small Metallic Chain Mesh Shoulder Bag,10830.00
307,2022-03-22 15:44:55.170617,Bradshaw Small Leopard Beaded Leather Convertible Shoulder Bag,7470.00
308,2022-03-22 15:44:55.170700,Bradshaw Small Studded Leather Shoulder Bag,4900.00 -  5400.00
309,2022-03-22 15:44:55.170784,Bradshaw Small Studded Leather Convertible Shoulder Bag,4900.00
310,2022-03-22 15:44:55.170861,Hally Extra-Small Feather Embellished Leather Shoulder Bag,5400.00
311,2022-03-22 15:44:55.170935,Piper Small Metallic Snake Embossed Leather Shoulder Bag,4400.00
312,2022-03-22 15:44:55.171008,Hally Small Leather Shoulder Bag,4860.00
313,2022-03-22 15:44:55.171082,Sienna Large Pebbled Leather Shoulder Bag,4050.00
314,2022-03-22 15:44:55.171158,Brooklyn Large Pebbled Leather Shoulder Bag,5810.00
315,2022-03-22 15:44:55.171233,Brooklyn Large Logo Shoulder Bag,5810.00
316,2022-03-22 15:44:55.171308,Devon Medium Pebbled Leather Bucket Bag,5600.00
317,2022-03-22 15:44:55.171381,Heather Large Logo Jacquard Shoulder Bag,4400.00
318,2022-03-22 15:44:55.171462,Greenwich Medium Logo Jacquard Shoulder Bag,4400.00
319,2022-03-22 15:44:55.171539,Devon Medium Pebbled Leather Bucket Bag,6220.00
320,2022-03-22 15:44:55.171616,Molly Large Pebbled Leather Tote Bag,4450.00
321,2022-03-22 15:44:55.171691,Bradshaw Small Two-Tone Logo Convertible Shoulder Bag,4800.00
322,2022-03-22 15:44:55.171766,Jet Set Travel Large Saffiano Leather Shoulder Bag,5400.00
323,2022-03-22 15:44:55.171840,Newbury Medium Pebbled Leather Tote Bag,5100.00
324,2022-03-22 15:44:55.171916,Newbury Medium Pebbled Leather Tote Bag,5100.00
325,2022-03-22 15:44:55.171990,Bradshaw Small Color-Block Logo Convertible Shoulder Bag,4050.00
326,2022-03-22 15:44:55.172065,Bradshaw Small Two-Tone Graphic Logo Convertible Shoulder Bag,4800.00
327,2022-03-22 15:44:55.172139,Jet Set Travel Large Saffiano Leather Shoulder Bag,5400.00
328,2022-03-22 15:44:55.172214,Jet Set Travel Large Logo Shoulder Bag,5400.00
329,2022-03-22 15:44:55.172288,Newbury Medium Pebbled Leather Tote Bag,5100.00
330,2022-03-22 15:44:55.172362,Newbury Medium Logo Tote Bag,5100.00
331,2022-03-22 15:44:55.172441,Greenwich Medium Studded Snake Embossed Leather Shoulder Bag,6220.00
332,2022-03-22 15:44:55.172521,Amy Large Logo and Faux Leather Shoulder Bag,3220.00
333,2022-03-22 15:44:55.172596,Greenwich Medium Graphic Logo Shoulder Bag,5810.00
334,2022-03-22 15:44:55.172669,Carmen Small Logo and Leather Belted Satchel,5400.00
335,2022-03-22 15:44:55.172749,Greenwich Medium Studded Snake Embossed Leather Shoulder Bag,6220.00
336,2022-03-22 15:44:55.172829,Greenwich Medium Metallic Saffiano Leather Shoulder Bag,4470.00
337,2022-03-22 15:44:55.172903,Carmen Small Color-Block Saffiano Leather Belted Satchel,4450.00
338,2022-03-22 15:44:55.172983,Bradshaw Small Leather Shoulder Bag,4050.00
339,2022-03-22 15:44:55.173057,Bradshaw Small Leather Convertible Shoulder Bag,4050.00
340,2022-03-22 15:44:55.173130,Carmen Small Saffiano Leather Belted Satchel,4450.00
341,2022-03-22 15:44:55.173210,Bradshaw Small Woven Leather Shoulder Bag,4450.00
342,2022-03-22 15:44:55.173284,Susan Medium Logo Shoulder Bag,4960.00
343,2022-03-22 15:44:55.173358,Brooklyn Large Pebbled Leather Shoulder Bag,5810.00
344,2022-03-22 15:44:55.173440,Lillian Medium Logo Jacquard Shoulder Bag,5250.00
345,2022-03-22 15:44:55.173524,Hannah Medium Pleated Shoulder Bag,4470.00 -  4720.00
346,2022-03-22 15:44:55.173608,Bradshaw Small Logo Convertible Shoulder Bag,4050.00
347,2022-03-22 15:44:55.173684,Grand Large Pebbled Leather Shoulder Bag,4860.00
348,2022-03-22 15:44:55.173770,Grand Large Logo Shoulder Bag,4470.00
349,2022-03-22 15:44:55.173845,SoHo Small Quilted Leather Shoulder Bag,4860.00
350,2022-03-22 15:44:55.173921,SoHo Small Quilted Leather Shoulder Bag,4400.00
351,2022-03-22 15:44:55.174007,Nouveau Hamilton Large Pebbled Leather Satchel,5130.00
352,2022-03-22 15:44:55.174086,Hally Small Logo Shoulder Bag,4860.00
353,2022-03-22 15:44:55.174162,Susan Medium Leather Shoulder Bag,5400.00
354,2022-03-22 15:44:55.174239,Susan Medium Logo Shoulder Bag,5400.00
355,2022-03-22 15:44:55.174320,Raven Logo Shoulder Bag,4050.00
356,2022-03-22 15:44:55.174396,Greenwich Medium Saffiano Leather Satchel,5400.00
357,2022-03-22 15:44:55.174477,Hamilton Legacy Small Snake Embossed Leather Belted Satchel,6970.00
358,2022-03-22 15:44:55.174554,Hamilton Legacy Small Snake Embossed Leather Belted Satchel,7570.00
359,2022-03-22 15:44:55.174630,Mirren Small Two-Tone Leather Satchel,6760.00
360,2022-03-22 15:44:55.174707,Hamilton Legacy Small Studded Leather Belted Satchel,7570.00
361,2022-03-22 15:44:55.174784,Hamilton Legacy Small Leather Belted Satchel,6760.00
362,2022-03-22 15:44:55.174861,Hamilton Legacy Small Studded Leather Belted Satchel,7570.00
363,2022-03-22 15:44:55.174937,Edith Large Saffiano Leather Satchel,6760.00
364,2022-03-22 15:44:55.175014,Carmen Small Saffiano Leather Belted Satchel,4450.00
365,2022-03-22 15:44:55.175091,Beck Medium Pebbled Leather Satchel,4050.00
366,2022-03-22 15:44:55.175176,Beck Medium Logo Satchel,4050.00
367,2022-03-22 15:44:55.175252,Nouveau Hamilton Small Pebbled Leather Satchel,4860.00
368,2022-03-22 15:44:55.175334,Mercer Gallery Medium Faux Leather Tote Bag,4970.00
369,2022-03-22 15:44:55.175415,Mercer Gallery Medium Logo Tote Bag,4970.00
370,2022-03-22 15:44:55.175497,Mercer Gallery Medium Faux Pebbled Leather Tote Bag,4970.00
371,2022-03-22 15:44:55.175634,Hamilton Legacy Large Snake Embossed Leather Belted Satchel,8930.00
372,2022-03-22 15:44:55.175722,Hamilton Legacy Large Studded Leather Belted Satchel,8220.00
373,2022-03-22 15:44:55.175801,Karlie Medium Logo and Embossed Leather Satchel,5810.00
374,2022-03-22 15:44:55.175878,Hamilton Legacy Large Leather Belted Satchel,8120.00
375,2022-03-22 15:44:55.175954,Cleo Small Logo Satchel,4050.00
376,2022-03-22 15:44:55.176030,Susan Pebbled Leather Satchel,5400.00
377,2022-03-22 15:44:55.176103,Susan Medium Logo Satchel,5400.00
378,2022-03-22 15:44:55.176178,Carmen Large Saffiano Leather Belted Satchel,5130.00
379,2022-03-22 15:44:55.176253,Henry Logo Briefcase,6080.00
380,2022-03-22 15:44:55.176331,Slater Medium Logo Stripe Backpack,4450.00
381,2022-03-22 15:44:55.176405,Rhea Medium Leather Backpack,4050.00
382,2022-03-22 15:44:55.176479,Brooklyn Medium Pebbled Leather Backpack,4000.00
383,2022-03-22 15:44:55.176553,Slater Extra-Small Logo Convertible Backpack,3500.00
384,2022-03-22 15:44:55.176627,Jet Set Medium Pebbled Leather Backpack,5810.00
385,2022-03-22 15:44:55.176701,Brooklyn Quilted Recycled Polyester Backpack,4300.00
386,2022-03-22 15:44:55.176783,Hudson Leather Backpack,6500.00
387,2022-03-22 15:44:55.176858,Hudson Logo Stripe and Leather Backpack,7440.00
388,2022-03-22 15:44:55.176936,Rhea Mini Embellished Graphic Logo Backpack,4470.00
389,2022-03-22 15:44:55.177015,Brooklyn Logo Tape Camouflage Printed Woven Backpack,5400.00
390,2022-03-22 15:44:55.177095,Rhea Medium Color-Block Logo Stripe Backpack,4330.00
391,2022-03-22 15:44:55.177168,Hudson Graphic Logo Backpack,7440.00
392,2022-03-22 15:44:55.177243,Hudson Logo and Leather Backpack,8120.00
393,2022-03-22 15:44:55.177317,Rhea Medium Quilted Leather Backpack,5400.00
394,2022-03-22 15:44:55.177392,Rhea Medium Leather Backpack,4050.00
395,2022-03-22 15:44:55.177467,Rhea Mini Leather Backpack,3100.00
396,2022-03-22 15:44:55.177541,Adele Logo Smartphone Wallet,1740.00
397,2022-03-22 15:44:55.177616,Small Logo Coin Wristlet,1060.00
398,2022-03-22 15:44:55.177690,Small Logo Stripe Jewelry Case,1330.00
399,2022-03-22 15:44:55.177769,Medium Logo Stripe Trunk Travel Case,2480.00 -  2690.00
400,2022-03-22 15:44:55.177843,Small Logo Wallet,900.00
401,2022-03-22 15:44:55.177919,Medium Logo Stripe Notebook,1330.00
402,2022-03-22 15:44:55.178000,MMK x 007 Leather Luggage Tag,850.00
403,2022-03-22 15:44:55.178084,Pebbled Leather Continental Wristlet,2220.00 -  2420.00
404,2022-03-22 15:44:55.178158,Jet Set Small Pebbled Leather Wallet,1330.00
405,2022-03-22 15:44:55.178233,Jet Set Small Logo Wallet,1300.00 -  1330.00
406,2022-03-22 15:44:55.178308,Pebbled Leather Card Case,660.00
407,2022-03-22 15:44:55.178385,Large Crossgrain Leather Slim Wallet,1610.00
408,2022-03-22 15:44:55.178466,Pebbled Leather Card Case,1970.00
409,2022-03-22 15:44:55.178547,Logo Stripe Continental Wristlet,2690.00
410,2022-03-22 15:44:55.178635,Jet Set Pebbled Leather Continental Wristlet,2220.00 -  2280.00
411,2022-03-22 15:44:55.178711,Quilted Leather Crossbody For Apple AirPods®,1740.00
412,2022-03-22 15:44:55.178792,Adele Pebbled Leather Smartphone Wallet,1610.00
413,2022-03-22 15:44:55.178867,Large Crossgrain Leather Smartphone Wristlet,1610.00
414,2022-03-22 15:44:55.178941,Adele Pebbled Leather Smartphone Wallet,1610.00
415,2022-03-22 15:44:55.179031,Perforated-Leather Phone Case for iPhone 6/6s,820.00
416,2022-03-22 15:44:55.179106,Large Logo Slim Wallet,1610.00
417,2022-03-22 15:44:55.179179,Adele Graphic Logo Smartphone Wallet,2150.00
418,2022-03-22 15:44:55.179255,Penelope Medium Leather Clutch,3220.00 -  3500.00
419,2022-03-22 15:44:55.179326,Jet Set Charm Logo and Leather Smartphone Wallet,2150.00
420,2022-03-22 15:44:55.179397,Adele Logo Smartphone Wallet,1740.00
421,2022-03-22 15:44:55.179468,Adele Pebbled Leather Smartphone Wallet,1740.00
422,2022-03-22 15:44:55.179541,Jet Set Travel Large Logo Wristlet,3100.00
423,2022-03-22 15:44:55.179618,Hannah Small Pleated Convertible Clutch,3930.00
424,2022-03-22 15:44:55.179696,Izzy Large Woven Straw and Studded Python Embossed Leather Clutch,3670.00
425,2022-03-22 15:44:55.179773,Hannah Small Pleated Convertible Clutch,3720.00
426,2022-03-22 15:44:55.179845,Carole Hand-Woven Leather Foldover Clutch,17500.00
427,2022-03-22 15:44:55.179918,Monogramme Python Embossed Lunch Bag Clutch,13430.00
428,2022-03-22 15:44:55.179990,Logo Suitcase,6220.00
429,2022-03-22 15:44:55.180067,Large Logo Water Bottle Crossbody Bag,1980.00
430,2022-03-22 15:44:55.180138,Logo Suitcase,6760.00
431,2022-03-22 15:44:55.180210,Metallic Logo Suitcase,6760.00
432,2022-03-22 15:44:55.180283,Small Logo Stripe Pet Travel Carrier,5400.00
433,2022-03-22 15:44:55.180355,Greyson Logo Duffle Bag,6760.00
434,2022-03-22 15:44:55.180427,Hudson Pebbled Leather Bag,8120.00
435,2022-03-22 15:44:55.180498,Small Logo Stripe Card Case,1060.00
436,2022-03-22 15:44:55.180577,Small Logo Hand Sanitizer Carry Case,980.00
437,2022-03-22 15:44:55.180653,Logo Key Chain Touch Tool,980.00 -  1060.00
438,2022-03-22 15:44:55.180725,Saffiano Leather Clip Case for Apple AirPods®,1060.00
439,2022-03-22 15:44:55.180799,Logo Clip Case for Apple AirPods®,1060.00
